Type,charge / e-,counts,FitRange,prevVals_GGPLOTNIM_INTERNAL
Fit,895.25987,941.13523,false,0
Fit,930.47803,988.31306,false,0
Fit,965.6962,1034.2905,false,0
Fit,1000.9144,1078.9545,false,0
Fit,1036.1325,1122.2053,false,0
Fit,1071.3507,1163.9555,false,0
Fit,1106.5689,1204.1299,false,0
Fit,1141.787,1242.6644,false,0
Fit,1177.0052,1279.5052,false,0
Fit,1212.2234,1314.6088,false,0
